symbol,company_name,period_end,revenue_crore,profit_before_tax_crore,net_profit_crore,latest_price_to_book_ratio,latest_return_on_equity_percentage
KOTAKBANK,Kotak Mahindra Bank Ltd.,2026-03-31,14175,5339,4027,3.06,11.1
KOTAKBANK,Kotak Mahindra Bank Ltd.,2026-06-30,14477,5463,4123,3.06,11.1
INDUSINDBK,IndusInd Bank Ltd.,2026-03-31,11005,731,533,1.08,1.44
INDUSINDBK,IndusInd Bank Ltd.,2026-06-30,11310,1343,1002,1.08,1.44
AXISBANK,Axis Bank Ltd.,2026-03-31,32724,6491,7071,1.83,12.7
AXISBANK,Axis Bank Ltd.,2026-06-30,33986,9437,7114,1.83,12.7
HDFCBANK,HDFC Bank Ltd.,2026-03-31,76610,25193,19221,1.9,14.0
HDFCBANK,HDFC Bank Ltd.,2026-06-30,79363,25108,19060,1.9,14.0
ICICIBANK,ICICI Bank Ltd.,2026-03-31,43275,18103,13702,2.75,15.8
ICICIBANK,ICICI Bank Ltd.,2026-06-30,45671,19126,14805,2.75,15.8
UNIONBANK,Union Bank of India,2026-03-31,26439,6900,5316,0.96,15.5
UNIONBANK,Union Bank of India,2026-06-30,27203,7023,5332,0.96,15.5
SBIN,State Bank of India,2026-03-31,123098,24832,19684,1.56,16.2
SBIN,State Bank of India,2026-06-30,127896,28482,21121,1.56,16.2
BANKBARODA,Bank of Baroda,2026-03-31,32642,5919,5616,0.71,13.8
BANKBARODA,Bank of Baroda,2026-06-30,33211,1804,1278,0.71,13.8
AUBANK,AU Small Finance Bank Ltd.,2026-03-31,5019,1082,832,3.94,14.2
AUBANK,AU Small Finance Bank Ltd.,2026-06-30,5303,1064,796,3.94,14.2
PNB,Punjab National Bank,2026-03-31,32157,7077,5225,0.83,12.5
PNB,Punjab National Bank,2026-06-30,32897,6978,5253,0.83,12.5
CANBK,Canara Bank,2026-03-31,31838,5766,4506,0.9,18.1
CANBK,Canara Bank,2026-06-30,32957,6556,4856,0.9,18.1
IDFCFIRSTB,IDFC First Bank Ltd.,2026-03-31,10553,189,319,1.45,3.83
IDFCFIRSTB,IDFC First Bank Ltd.,2026-06-30,11051,1409,1075,1.45,3.83
YESBANK,Yes Bank Ltd.,2026-03-31,7651,1431,1068,1.25,7.03
YESBANK,Yes Bank Ltd.,2026-06-30,8044,1309,1071,1.25,7.03
FEDERALBNK,Federal Bank Ltd.,2026-03-31,7399,1535,1259,2.04,11.4
FEDERALBNK,Federal Bank Ltd.,2026-06-30,7238,1580,1177,2.04,11.4
IDBI,IDBI Bank Ltd.,2026-03-31,7798,2758,1943,1.38,14.9
IDBI,IDBI Bank Ltd.,2026-06-30,7541,2805,2115,1.38,14.9
MAHABANK,Bank of Maharashtra,2026-03-31,7755,2329,2014,1.75,22.8
MAHABANK,Bank of Maharashtra,2026-06-30,8035,2277,2020,1.75,22.8
IOB,Indian Overseas Bank,2026-03-31,8489,1659,1505,1.54,14.9
IOB,Indian Overseas Bank,2026-06-30,8778,1859,1659,1.54,14.9
INDIANB,Indian Bank,2026-03-31,17480,4060,3103,1.34,16.5
INDIANB,Indian Bank,2026-06-30,18090,4362,3273,1.34,16.5
CENTRALBK,Central Bank of India,2026-03-31,9661,1592,724,0.68,11.6
CENTRALBK,Central Bank of India,2026-06-30,9691,1784,1324,0.68,11.6
UCOBANK,UCO Bank,2026-03-31,6656,1247,801,0.86,8.61
UCOBANK,UCO Bank,2026-06-30,6996,2575,656,0.86,8.61
PSB,Punjab & Sind Bank,2026-03-31,3030,615,422,1.02,9.62
PSB,Punjab & Sind Bank,2026-06-30,3213,451,332,1.02,9.62
RBLBANK,RBL Bank Ltd.,2026-03-31,3720,277,230,1.54,5.11
RBLBANK,RBL Bank Ltd.,2026-06-30,3840,324,254,1.54,5.11
BANDHANBNK,Bandhan Bank Ltd.,2026-03-31,5428,764,534,1.03,4.88
BANDHANBNK,Bandhan Bank Ltd.,2026-06-30,5631,676,502,1.03,4.88
KARURVYSYA,Karur Vysya Bank Ltd.,2026-03-31,2904,989,725,2.23,19.1
KARURVYSYA,Karur Vysya Bank Ltd.,2026-06-30,3049,1005,756,2.23,19.1
CUB,City Union Bank Ltd.,2026-03-31,1856,460,360,2.09,13.2
CUB,City Union Bank Ltd.,2026-06-30,1985,503,383,2.09,13.2
TMB,Tamilnad Mercantile Bank Ltd.,2026-03-31,1550,504,374,1.32,14.0
TMB,Tamilnad Mercantile Bank Ltd.,2026-06-30,1662,557,412,1.32,14.0
J&KBANK,Jammu & Kashmir Bank Ltd.,2026-03-31,3272,861,798,0.92,15.2
J&KBANK,Jammu & Kashmir Bank Ltd.,2026-06-30,3546,619,424,0.92,15.2
UJJIVANSFB,Ujjivan Small Finance Bank Ltd.,2026-03-31,1878,371,282,1.86,10.8
UJJIVANSFB,Ujjivan Small Finance Bank Ltd.,2026-06-30,2025,421,317,1.86,10.8
BANKINDIA,Bank of India,2026-03-31,19476,4036,3016,0.67,12.4
BANKINDIA,Bank of India,2026-06-30,19949,4087,3068,0.67,12.4
ESAFSFB,ESAF Small Finance Bank Ltd.,2026-03-31,995,27,24,1.22,-8.86
ESAFSFB,ESAF Small Finance Bank Ltd.,2026-06-30,1098,107,80,1.22,-8.86
DHANBANK,Dhanlaxmi Bank Ltd.,2026-03-31,443,79,43,0.71,7.15
DHANBANK,Dhanlaxmi Bank Ltd.,2026-06-30,449,36,25,0.71,7.15
UTKARSHBNK,Utkarsh Small Finance Bank Ltd.,2026-03-31,837,-232,-188,0.93,-40.0
UTKARSHBNK,Utkarsh Small Finance Bank Ltd.,2026-06-30,884,-45,-34,0.93,-40.0
CAPITALSFB,Capital Small Finance Bank Ltd.,2026-03-31,273,54,40,0.83,10.1
CAPITALSFB,Capital Small Finance Bank Ltd.,2026-06-30,288,55,41,0.83,10.1
EQUITASBNK,Equitas Small Finance Bank Ltd.,2026-03-31,1836,278,213,1.27,1.68
EQUITASBNK,Equitas Small Finance Bank Ltd.,2026-06-30,1960,244,184,1.27,1.68
JSFB,Jana Small Finance Bank Ltd.,2026-03-31,1445,140,140,1.16,7.6
JSFB,Jana Small Finance Bank Ltd.,2026-06-30,1515,155,155,1.16,7.6
SURYODAY,Suryoday Small Finance Bank Ltd.,2026-03-31,602,66,50,0.77,7.58
SURYODAY,Suryoday Small Finance Bank Ltd.,2026-06-30,622,102,75,0.77,7.58
FINOPB,Fino Payments Bank Ltd.,2026-03-31,64,4,7,1.45,6.76
FINOPB,Fino Payments Bank Ltd.,2026-06-30,72,-14,-14,1.45,6.76
KTKBANK,Karnataka Bank Ltd.,2026-03-31,2257,525,408,0.92,10.4
KTKBANK,Karnataka Bank Ltd.,2026-06-30,2383,552,419,0.92,10.4
CSBBANK,CSB Bank Ltd.,2026-03-31,1201,271,202,1.08,13.5
CSBBANK,CSB Bank Ltd.,2026-06-30,1287,202,150,1.08,13.5
DCBBANK,DCB Bank Ltd.,2026-03-31,1907,273,206,0.97,12.0
DCBBANK,DCB Bank Ltd.,2026-06-30,1984,287,213,0.97,12.0
SOUTHBANK,South Indian Bank Ltd.,2026-03-31,2559,547,408,1.05,13.5
SOUTHBANK,South Indian Bank Ltd.,2026-06-30,2628,507,378,1.05,13.5
