symbol,company_name
KOTAKBANK,Kotak Mahindra Bank Ltd.
INDUSINDBK,IndusInd Bank Ltd.
AXISBANK,Axis Bank Ltd.
HDFCBANK,HDFC Bank Ltd.
ICICIBANK,ICICI Bank Ltd.
UNIONBANK,Union Bank of India
SBIN,State Bank of India
BANKBARODA,Bank of Baroda
AUBANK,AU Small Finance Bank Ltd.
PNB,Punjab National Bank
CANBK,Canara Bank
IDFCFIRSTB,IDFC First Bank Ltd.
YESBANK,Yes Bank Ltd.
FEDERALBNK,Federal Bank Ltd.
IDBI,IDBI Bank Ltd.
MAHABANK,Bank of Maharashtra
IOB,Indian Overseas Bank
INDIANB,Indian Bank
CENTRALBK,Central Bank of India
UCOBANK,UCO Bank
PSB,Punjab & Sind Bank
RBLBANK,RBL Bank Ltd.
BANDHANBNK,Bandhan Bank Ltd.
KARURVYSYA,Karur Vysya Bank Ltd.
CUB,City Union Bank Ltd.
TMB,Tamilnad Mercantile Bank Ltd.
J&KBANK,Jammu & Kashmir Bank Ltd.
UJJIVANSFB,Ujjivan Small Finance Bank Ltd.
BANKINDIA,Bank of India
ESAFSFB,ESAF Small Finance Bank Ltd.
DHANBANK,Dhanlaxmi Bank Ltd.
UTKARSHBNK,Utkarsh Small Finance Bank Ltd.
CAPITALSFB,Capital Small Finance Bank Ltd.
EQUITASBNK,Equitas Small Finance Bank Ltd.
JSFB,Jana Small Finance Bank Ltd.
SURYODAY,Suryoday Small Finance Bank Ltd.
FINOPB,Fino Payments Bank Ltd.
KTKBANK,Karnataka Bank Ltd.
CSBBANK,CSB Bank Ltd.
DCBBANK,DCB Bank Ltd.
SOUTHBANK,South Indian Bank Ltd.
